﻿<?xml version="1.0" encoding="utf-8" ?>

<ItemRules name="Default Item Rules" useRoundedValues="true">
  <!-- The order in which item rules are evaluated. Typically, this is fine for almost all rule sets. 
	However, you may want to switch things around sometimes if you want to force-sell things that may match keep rules. -->
  <Priority priority1="Keep" priority2="Salvage" priority3="Sell" />

  <Categories>
    <Category ruleType="PickUp">

      <!-- Pick up amulets and rings with ilvl 60+ (for salvaging) -->
      <ItemRule itemBaseType="Jewelry" description="Blue+ ilvl 60+ rings and amulets">
        <StatRules>
          <Rule quality="Magic1" stat="Level" minValue="60" />
        </StatRules>
      </ItemRule>

      <!-- Pick up rare amulets and rings always -->
      <ItemRule itemBaseType="Jewelry" description="Rare+ rings and amulets">
        <StatRules>
          <Rule quality="Rare4" />
        </StatRules>
      </ItemRule>

      <!-- Pick up rares with ilvl 55+ -->
      <ItemRule description="Rare+ ilvl 55+">
        <StatRules>
          <Rule quality="Rare4" stat="Level" minValue="55" />
        </StatRules>
      </ItemRule>

      <!-- Pick up items with more than 18% magic find -->
      <ItemRule description="18%+ MF">
        <StatRules>
          <Rule quality="Magic1" stat="MagicFind" minValue="18" />
        </StatRules>
      </ItemRule>

      <!-- Pick up items with more than 20% gold find -->
      <ItemRule description="20%+ GF">
        <StatRules>
          <Rule quality="Magic1" stat="GoldFind" minValue="20" />
        </StatRules>
      </ItemRule>

      <!-- Pick up blue weapons and armor with ilvl 61+ (for salvaging) -->
      <ItemRule description="Blue+ ilvl 61+">
        <StatRules>
          <Rule quality="Magic1" stat="Level" minValue="61" />
        </StatRules>
      </ItemRule>

      <!-- Pick up legendaries -->
      <ItemRule description="Legendaries">
        <StatRules>
          <Rule quality="Legendary" />
        </StatRules>
      </ItemRule>

      <ItemRule itemName="Gold" />
      <ItemRule itemName="Tome of*" />
      <ItemRule itemName="Flawless Square*" />
    </Category>

    <Category ruleType="Keep">
      <ItemRule itemName="Tome of*" />
      <ItemRule itemName="Flawless*" />

      <!-- Keep two-handers with more than 1100 DPS -->
      <ItemRule twoHanded="true" description="1100 DPS+ two-handers">
        <StatRules>
          <Rule stat="DPS" minValue="1100" />
        </StatRules>
      </ItemRule>

      <!-- Keep one-handers with more than 875 DPS -->
      <ItemRule oneHanded="true" description="875 DPS+ one-handers">
        <StatRules>
          <Rule stat="DPS" minValue="875" />
        </StatRules>
      </ItemRule>

      <!-- Keep legendaries -->
      <ItemRule description="Legendaries">
        <StatRules>
          <Rule quality="Legendary" />
        </StatRules>
      </ItemRule>

      <!-- Keep items with more than 18% magic find -->
      <ItemRule description="18%+ MF">
        <StatRules>
          <Rule quality="Magic1" stat="MagicFind" minValue="18" />
        </StatRules>
      </ItemRule>

      <!-- Keep items with more than 20% gold find -->
      <ItemRule description="20%+ GF">
        <StatRules>
          <Rule quality="Magic1" stat="GoldFind" minValue="20" />
        </StatRules>
      </ItemRule>

      <!-- Just keep rares -->
      <ItemRule description="ilvl 58+ rare items">
        <StatRules>
          <Rule quality="Rare4" />
          <Rule stat="Level" minValue="58" />
        </StatRules>
      </ItemRule>
    </Category>

    <!-- This is evaluted last - so sell anything -->
    <Category ruleType="Sell">
      <ItemRule description="Sell Everything">
        <StatRules>
          <Rule quality="Magic1" />
        </StatRules>
      </ItemRule>
    </Category>

  </Categories>

  <!-- Available Stats:

	Intelligence
	Strength
	Vitality
	Dexterity
	Armor - this is the "base" armor of an item.
	ArmorBonus - this is the "bonus" armor on the item. Represented in the tooltip as "+x Armor"
	ArmorTotal - this is the "total" armor for the item.

	// Damage % Increases - These are typically things like 3% Fire Damage - typically found on Wizard/WD items
	FireDamagePercent
	ColdDamagePercent
	LightningDamagePercent
	PoisonDamagePercent
	ArcaneDamagePercent
	HolyDamagePercent

	MinDamage - this is the smaller of the 2 when the tooltip states "+5-10 damage" or similar.
	MaxDamage - the max value of the above
	DPS - weapon DPS. This is the DPS as shown in the tooltip.

	GoldFind
	MagicFind 

	// Increase modifiers
	AttackSpeedPercent

	// Weapon
	WeaponAttacksPerSecond
	WeaponMinDamage
	WeaponMaxDamage

	// Misc
	MovementSpeed - run speed %
	HealthGlobeBonus
	HealthPerSecond
	LifePercent
	Level - item level. DOES NOT MATCH IN-GAME ITEM LEVEL REQUIREMENT!

	// Resists
	ResistAll
	ResistArcane
	ResistCold
	ResistPhysical
	ResistLightning
	ResistFire
	ResistPoison
	ResistHoly

	Thorns

	DamageReductionPhysicalPercent

	Sockets
	-->
</ItemRules>