﻿<?xml version="1.0" encoding="utf-8"?>
<GlobalSettings>
  <LastProfile>C:\D3\DemonBuddyProfiles\SarkothManualPathing.xml</LastProfile>
  <LogLevel>Normal</LogLevel>
  <LoginKey>7P5X7E5B3F7R5H9H4L6X</LoginKey>
  <PluginsPath>Plugins</PluginsPath>
  <ReloadPluginsOnFileChange>true</ReloadPluginsOnFileChange>
  <CombatRoutinePath>Routines</CombatRoutinePath>
  <ReloadRoutinesOnFileChange>true</ReloadRoutinesOnFileChange>
  <FullInventoryHandling>Ignore</FullInventoryHandling>
  <RecentProfiles>
    <Recent Path="C:\D3\DemonBuddyProfiles\SarkothManualPathing.xml" Name="Sarkoth farm profile for use with adx Sarkoth Plugin" />
    <Recent Path="C:\D3\DemonBuddyTest\Plugins\SarkothManualMove\SarkothManualPathing.xml" Name="Sarkoth farm profile for use with McCloud SarkothRunner Plugin" />
    <Recent Path="C:\D3\Demonbuddy 1.0.527.118\Plugins\SarkothManualMove\SarkothManualPathing.xml" Name="Sarkoth farm profile for use with McCloud SarkothRunner Plugin" />
    <Recent Path="C:\D3\DemonBuddyCustomization\DHSarkoth\DHSarkothv1.4-ikw.xml" Name="Demon Hunter Sarkoth Farm V1.4 - Icool edited by ikw" />
    <Recent Path="C:\D3\DemonBuddyCustomization\obsoletebutrockstable\Sarkoth Farm v1.2.xml" Name="Sarkoth farm profile by adx (derived from Nesox)" />
  </RecentProfiles>
</GlobalSettings>