﻿<?xml version="1.0" encoding="utf-8"?>
<CharacterSettings>
  <KillRadius>40</KillRadius>
  <LootRadius>28</LootRadius>
  <EnabledPlugins>
    <Value>Game Time Limit</Value>
    <Value>Icool's Sarkoth farm helper v0.1</Value>
    <Value>DH SarkothRunner v1.0</Value>
  </EnabledPlugins>
  <RuleSetPath>C:\D3\DemonBuddyProfiles\Salvage59-60KeepRares&amp;GFMFSellEverythingElse2.0.xml</RuleSetPath>
  <ProtectedBagSlots>
    <Square row="5" />
    <Square row="4" />
  </ProtectedBagSlots>
  <ProtectedStashPages />
  <RepairWhenDurabilityBelow>10</RepairWhenDurabilityBelow>
</CharacterSettings>